{
  "annualized_return": 0.06152971110363026,
  "annualized_volatility": 0.05675977933523507,
  "sharpe_ratio": 1.0840371795708186,
  "max_drawdown": 0.050812536061911044,
  "cvar": 0.010697263755701427
}