{
  "intermediates": {
    "num_regime_observations": {
      "value": 693
    },
    "mp_threshold": {
      "value": 2.2139953110437713
    },
    "mean_absorption_ratio": {
      "value": 0.6374216788199666
    },
    "std_absorption_ratio": {
      "value": 0.07796669270591824
    },
    "mean_largest_eigenvalue": {
      "value": 5.2368943332714935
    },
    "regime_count_crisis": {
      "value": 238
    },
    "regime_count_risk_off": {
      "value": 455
    },
    "regime_count_risk_on": {
      "value": 0
    },
    "num_rebalances": {
      "value": 32
    },
    "mean_weight_stock_01": {
      "value": 0.029435004747374562
    },
    "portfolio_var_99": {
      "value": 0.007444659070905971
    },
    "cvar": {
      "value": 0.010697263755701427
    },
    "win_rate": {
      "value": 0.5382395382395382
    }
  }
}